Year,Make,Model
2015,Acura,ILX
2015,Acura,MDX
2015,Acura,RDX
2015,Acura,RLX
2015,Acura,TLX
2015,Alfa Romeo,4C
2015,Alfa Romeo,4C Spider
2015,Aston Martin,V12 Vantage S
2015,Aston Martin,V8 Vantage
2015,Aston Martin,Vanquish
2015,Audi,A3
2015,Audi,A3 e-tron
2015,Audi,A4
2015,Audi,A5
2015,Audi,A6
2015,Audi,A7
2015,Audi,A8
2015,Audi,allroad
2015,Audi,Q3
2015,Audi,Q5
2015,Audi,Q7
2015,Audi,R8
2015,Audi,RS 5
2015,Audi,RS 7
2015,Audi,S3
2015,Audi,S4
2015,Audi,S5
2015,Audi,S6
2015,Audi,S7
2015,Audi,S8
2015,Audi,SQ5
2015,Audi,TT
2015,Audi,TTS
2015,Bentley,Continental GT
2015,Bentley,Flying Spur
2015,Bentley,Mulsanne
2015,BMW,2 Series
2015,BMW,3 Series
2015,BMW,3 Series Gran Turismo
2015,BMW,4 Series
2015,BMW,4 Series Gran Coupe
2015,BMW,5 Series
2015,BMW,5 Series Gran Turismo
2015,BMW,6 Series
2015,BMW,6 Series Gran Coupe
2015,BMW,7 Series
2015,BMW,ActiveHybrid 5
2015,BMW,ActiveHybrid 7
2015,BMW,ALPINA B6 Gran Coupe
2015,BMW,ALPINA B7
2015,BMW,i3
2015,BMW,i8
2015,BMW,M3
2015,BMW,M4
2015,BMW,M5
2015,BMW,M6
2015,BMW,M6 Gran Coupe
2015,BMW,X1
2015,BMW,X3
2015,BMW,X4
2015,BMW,X5
2015,BMW,X5 M
2015,BMW,X6
2015,BMW,X6 M
2015,BMW,Z4
2015,Buick,Enclave
2015,Buick,Encore
2015,Buick,LaCrosse
2015,Buick,Regal
2015,Buick,Verano
2015,Cadillac,ATS
2015,Cadillac,ATS Coupe
2015,Cadillac,CTS
2015,Cadillac,CTS-V Coupe
2015,Cadillac,Escalade
2015,Cadillac,Escalade ESV
2015,Cadillac,SRX
2015,Cadillac,XTS
2015,Chevrolet,Camaro
2015,Chevrolet,City Express
2015,Chevrolet,Colorado
2015,Chevrolet,Corvette
2015,Chevrolet,Cruze
2015,Chevrolet,Equinox
2015,Chevrolet,Express
2015,Chevrolet,Express Cargo
2015,Chevrolet,Impala
2015,Chevrolet,Impala Limited
2015,Chevrolet,Malibu
2015,Chevrolet,Silverado 1500
2015,Chevrolet,Silverado 2500HD
2015,Chevrolet,Silverado 3500HD
2015,Chevrolet,Sonic
2015,Chevrolet,Spark
2015,Chevrolet,Spark EV
2015,Chevrolet,SS
2015,Chevrolet,Suburban
2015,Chevrolet,Tahoe
2015,Chevrolet,Traverse
2015,Chevrolet,Trax
2015,Chevrolet,Volt
2015,Chrysler,200
2015,Chrysler,300
2015,Chrysler,Town and Country
2015,Dodge,Challenger
2015,Dodge,Charger
2015,Dodge,Dart
2015,Dodge,Durango
2015,Dodge,Grand Caravan
2015,Dodge,Journey
2015,Dodge,Viper
2015,Ferrari,458 Italia
2015,Ferrari,California T
2015,Ferrari,F12 Berlinetta
2015,Ferrari,FF
2015,Ferrari,FXX K
2015,FIAT,500
2015,FIAT,500e
2015,FIAT,500L
2015,Ford,C-Max Energi
2015,Ford,C-Max Hybrid
2015,Ford,Edge
2015,Ford,Escape
2015,Ford,Expedition
2015,Ford,Explorer
2015,Ford,F-150
2015,Ford,F-250 Super Duty
2015,Ford,F-350 Super Duty
2015,Ford,F-450 Super Duty
2015,Ford,Fiesta
2015,Ford,Flex
2015,Ford,Focus
2015,Ford,Focus ST
2015,Ford,Fusion
2015,Ford,Fusion Energi
2015,Ford,Fusion Hybrid
2015,Ford,Mustang
2015,Ford,Taurus
2015,Ford,Transit Connect
2015,Ford,Transit Van
2015,Ford,Transit Wagon
2015,GMC,Acadia
2015,GMC,Canyon
2015,GMC,Canyon Nightfall Edition
2015,GMC,Savana
2015,GMC,Savana Cargo
2015,GMC,Sierra 1500
2015,GMC,Sierra 2500HD
2015,GMC,Sierra 3500HD
2015,GMC,Terrain
2015,GMC,Yukon
2015,GMC,Yukon XL
2015,Honda,Accord
2015,Honda,Accord Hybrid
2015,Honda,Civic
2015,Honda,CR-V
2015,Honda,CR-Z
2015,Honda,Crosstour
2015,Honda,Fit
2015,Honda,Odyssey
2015,Honda,Pilot
2015,Hyundai,2016 Tucson Fuel Cell
2015,Hyundai,Accent
2015,Hyundai,Azera
2015,Hyundai,Elantra
2015,Hyundai,Elantra GT
2015,Hyundai,Equus
2015,Hyundai,Genesis
2015,Hyundai,Genesis Coupe
2015,Hyundai,Santa Fe
2015,Hyundai,Santa Fe Sport
2015,Hyundai,Sonata
2015,Hyundai,Sonata Hybrid
2015,Hyundai,Tucson
2015,Hyundai,Veloster
2015,Infiniti,Q40
2015,Infiniti,Q50
2015,Infiniti,Q60 Convertible
2015,Infiniti,Q60 Coupe
2015,Infiniti,Q70
2015,Infiniti,QX50
2015,Infiniti,QX60
2015,Infiniti,QX70
2015,Infiniti,QX80
2015,Jaguar,F-TYPE
2015,Jaguar,XF
2015,Jaguar,XJ
2015,Jaguar,XK
2015,Jeep,Cherokee
2015,Jeep,Compass
2015,Jeep,Grand Cherokee
2015,Jeep,Grand Cherokee SRT
2015,Jeep,Patriot
2015,Jeep,Renegade
2015,Jeep,Wrangler
2015,Kia,Cadenza
2015,Kia,Forte
2015,Kia,K900
2015,Kia,Optima
2015,Kia,Optima Hybrid
2015,Kia,Rio
2015,Kia,Sedona
2015,Kia,Sorento
2015,Kia,Soul
2015,Kia,Soul EV
2015,Kia,Sportage
2015,Lamborghini,Aventador
2015,Lamborghini,Huracan
2015,Land Rover,Discovery Sport
2015,Land Rover,LR2
2015,Land Rover,LR4
2015,Land Rover,Range Rover
2015,Land Rover,Range Rover Evoque
2015,Land Rover,Range Rover Evoque Convertible
2015,Land Rover,Range Rover Sport
2015,Lexus,CT 200h
2015,Lexus,ES 300h
2015,Lexus,ES 350
2015,Lexus,GS 350
2015,Lexus,GS 450h
2015,Lexus,GX 460
2015,Lexus,IS 250
2015,Lexus,IS 250 C
2015,Lexus,IS 350
2015,Lexus,IS 350 C
2015,Lexus,LS 460
2015,Lexus,LS 600h L
2015,Lexus,LX 570
2015,Lexus,NX 200t
2015,Lexus,NX 300h
2015,Lexus,RC 350
2015,Lexus,RC F
2015,Lexus,RX 350
2015,Lexus,RX 450h
2015,Lincoln,MKC
2015,Lincoln,MKS
2015,Lincoln,MKT
2015,Lincoln,MKX
2015,Lincoln,MKZ
2015,Lincoln,Navigator
2015,Maserati,Ghibli
2015,Maserati,Ghibli S Q4 Ermenegildo Zegna
2015,Maserati,GranTurismo
2015,Maserati,GranTurismo Convertible
2015,Maserati,Quattroporte
2015,Mazda,3
2015,Mazda,5
2015,Mazda,6
2015,Mazda,CX-5
2015,Mazda,CX-9
2015,Mazda,MX-5 Miata
2015,McLaren,650S Coupe
2015,McLaren,650S Spider
2015,McLaren,P1
2015,Mercedes-Benz,B-Class Electric Drive
2015,Mercedes-Benz,C-Class
2015,Mercedes-Benz,CLA-Class
2015,Mercedes-Benz,CLS-Class
2015,Mercedes-Benz,E-Class
2015,Mercedes-Benz,G-Class
2015,Mercedes-Benz,GL-Class
2015,Mercedes-Benz,GLA-Class
2015,Mercedes-Benz,GLK-Class
2015,Mercedes-Benz,M-Class
2015,Mercedes-Benz,S-Class
2015,Mercedes-Benz,SL-Class
2015,Mercedes-Benz,SLK-Class
2015,Mercedes-Benz,SLS AMG GT Final Edition
2015,Mercedes-Benz,Sprinter
2015,MINI,Cooper
2015,MINI,Cooper Countryman
2015,MINI,Cooper Coupe
2015,MINI,Cooper Paceman
2015,MINI,Cooper Roadster
2015,MINI,John Cooper Works Hardtop
2015,Mitsubishi,Lancer
2015,Mitsubishi,Lancer Evolution
2015,Mitsubishi,Mirage
2015,Mitsubishi,Outlander
2015,Mitsubishi,Outlander Sport
2015,Nissan,370Z
2015,Nissan,Altima
2015,Nissan,Armada
2015,Nissan,Frontier
2015,Nissan,GT-R
2015,Nissan,Leaf
2015,Nissan,Murano
2015,Nissan,NV Cargo
2015,Nissan,NV Passenger
2015,Nissan,NV200
2015,Nissan,Pathfinder
2015,Nissan,Quest
2015,Nissan,Rogue
2015,Nissan,Rogue Select
2015,Nissan,Sentra
2015,Nissan,Titan
2015,Nissan,Versa
2015,Porsche,911
2015,Porsche,918 Spyder
2015,Porsche,Boxster
2015,Porsche,Cayenne
2015,Porsche,Cayman
2015,Porsche,Macan
2015,Porsche,Panamera
2015,Ram,1500
2015,Ram,1500 Rebel
2015,Ram,2500
2015,Ram,3500
2015,Ram,CV Tradesman
2015,Ram,Promaster Cargo Van
2015,Ram,Promaster City
2015,Ram,Promaster Window Van
2015,Rolls-Royce,Ghost Series II
2015,Rolls-Royce,Phantom
2015,Rolls-Royce,Phantom Coupe
2015,Rolls-Royce,Phantom Drophead Coupe
2015,Rolls-Royce,Wraith
2015,Scion,FR-S
2015,Scion,iQ
2015,Scion,tC
2015,Scion,xB
2015,smart,fortwo
2015,Subaru,BRZ
2015,Subaru,Forester
2015,Subaru,Impreza
2015,Subaru,Legacy
2015,Subaru,Outback
2015,Subaru,WRX
2015,Subaru,XV Crosstrek
2015,Tesla,Model S
2015,Toyota,4Runner
2015,Toyota,Avalon
2015,Toyota,Avalon Hybrid
2015,Toyota,Camry
2015,Toyota,Camry Hybrid
2015,Toyota,Corolla
2015,Toyota,Highlander
2015,Toyota,Highlander Hybrid
2015,Toyota,Land Cruiser
2015,Toyota,Prius
2015,Toyota,Prius c
2015,Toyota,Prius Plug-in
2015,Toyota,Prius v
2015,Toyota,RAV4
2015,Toyota,Sequoia
2015,Toyota,Sienna
2015,Toyota,Tacoma
2015,Toyota,Tundra
2015,Toyota,Venza
2015,Toyota,Yaris
2015,Volkswagen,Beetle
2015,Volkswagen,Beetle Convertible
2015,Volkswagen,CC
2015,Volkswagen,e-Golf
2015,Volkswagen,Eos
2015,Volkswagen,Golf
2015,Volkswagen,Golf GTI
2015,Volkswagen,Golf R
2015,Volkswagen,Golf SportWagen
2015,Volkswagen,Passat
2015,Volkswagen,Tiguan
2015,Volkswagen,Touareg
2015,Volvo,S60
2015,Volvo,S80
2015,Volvo,V60
2015,Volvo,V60 Cross Country
2015,Volvo,XC60
2015,Volvo,XC70
2016,Acura,ILX
2016,Acura,MDX
2016,Acura,NSX
2016,Acura,RDX
2016,Acura,RLX
2016,Acura,TLX
2016,Alfa Romeo,4C
2016,Alfa Romeo,4C Spider
2016,Aston Martin,DB9 GT
2016,Aston Martin,Rapide S
2016,Aston Martin,V12 Vantage S
2016,Aston Martin,V8 Vantage
2016,Aston Martin,Vanquish
2016,Audi,A3
2016,Audi,A4
2016,Audi,A5
2016,Audi,A6
2016,Audi,A7
2016,Audi,A8
2016,Audi,allroad
2016,Audi,Q1
2016,Audi,Q3
2016,Audi,Q5
2016,Audi,Q7
2016,Audi,R8
2016,Audi,RS
2016,Audi,RS 7
2016,Audi,S3
2016,Audi,S4
2016,Audi,S5
2016,Audi,S6
2016,Audi,S7
2016,Audi,S8
2016,Audi,SQ5
2016,Audi,TT
2016,Audi,TTS
2016,Bentley,Continental GT
2016,Bentley,Continental GT Speed
2016,Bentley,Flying Spur
2016,Bentley,Mulsanne
2016,BMW,2 Series
2016,BMW,3 Series
2016,BMW,3 Series Gran Turismo
2016,BMW,4 Series
2016,BMW,4 Series Gran Coupe
2016,BMW,5 Series
2016,BMW,5 Series Gran Turismo
2016,BMW,6 Series
2016,BMW,6 Series Gran Coupe
2016,BMW,7 Series
2016,BMW,ActiveHybrid 5
2016,BMW,ALPINA B6 Gran Coupe
2016,BMW,i3
2016,BMW,i8
2016,BMW,M2
2016,BMW,M3
2016,BMW,M4
2016,BMW,M4 GTS
2016,BMW,M5
2016,BMW,M6
2016,BMW,M6 Gran Coupe
2016,BMW,X1
2016,BMW,X3
2016,BMW,X4
2016,BMW,X5
2016,BMW,X5 M
2016,BMW,X6
2016,BMW,X6 M
2016,BMW,Z4
2016,Buick,Cascada
2016,Buick,Enclave
2016,Buick,Encore
2016,Buick,Envision
2016,Buick,LaCrosse
2016,Buick,Regal
2016,Buick,Verano
2016,Cadillac,ATS
2016,Cadillac,ATS Coupe
2016,Cadillac,ATS-V
2016,Cadillac,CT6
2016,Cadillac,CTS
2016,Cadillac,CTS-V
2016,Cadillac,ELR
2016,Cadillac,Escalade
2016,Cadillac,Escalade ESV
2016,Cadillac,SRX
2016,Cadillac,XTS
2016,Chevrolet,Camaro
2016,Chevrolet,City Express
2016,Chevrolet,Colorado
2016,Chevrolet,Corvette
2016,Chevrolet,Corvette Stingray
2016,Chevrolet,Cruze
2016,Chevrolet,Equinox
2016,Chevrolet,Express
2016,Chevrolet,Express Cargo
2016,Chevrolet,Impala
2016,Chevrolet,Impala Limited
2016,Chevrolet,Malibu
2016,Chevrolet,Malibu Hybrid
2016,Chevrolet,Malibu Limited
2016,Chevrolet,Silverado 1500
2016,Chevrolet,Silverado 2500HD
2016,Chevrolet,Silverado 3500HD
2016,Chevrolet,Sonic
2016,Chevrolet,Spark
2016,Chevrolet,SS
2016,Chevrolet,Suburban
2016,Chevrolet,Tahoe
2016,Chevrolet,Traverse
2016,Chevrolet,Trax
2016,Chevrolet,Volt
2016,Chrysler,100
2016,Chrysler,200
2016,Chrysler,300
2016,Chrysler,Town and Country
2016,Dodge,Challenger
2016,Dodge,Charger
2016,Dodge,Dart
2016,Dodge,Durango
2016,Dodge,Grand Caravan
2016,Dodge,Journey
2016,Dodge,Viper
2016,FIAT,500
2016,FIAT,500e
2016,FIAT,500L
2016,FIAT,500X
2016,Ford,C-Max Energi
2016,Ford,C-Max Hybrid
2016,Ford,Edge
2016,Ford,Escape
2016,Ford,Expedition
2016,Ford,Expedition EL
2016,Ford,Explorer
2016,Ford,Explorer Sport
2016,Ford,F-150
2016,Ford,F-250 Super Duty
2016,Ford,F-350 Super Duty
2016,Ford,F-450 Super Duty
2016,Ford,Fiesta
2016,Ford,Flex
2016,Ford,Focus
2016,Ford,Focus ST
2016,Ford,Fusion
2016,Ford,Fusion Energi
2016,Ford,Fusion Hybrid
2016,Ford,Mustang
2016,Ford,Ranger
2016,Ford,Shelby GT350
2016,Ford,Taurus
2016,Ford,Transit Connect
2016,Ford,Transit Van
2016,Ford,Transit Wagon
2016,GMC,Acadia
2016,GMC,Canyon
2016,GMC,Savana
2016,GMC,Savana Cargo
2016,GMC,Sierra
2016,GMC,Sierra 2500HD
2016,GMC,Sierra 3500HD
2016,GMC,Yukon
2016,GMC,Yukon Denali
2016,Honda,Accord
2016,Honda,Civic
2016,Honda,CR-V
2016,Honda,CR-Z
2016,Honda,Fit
2016,Honda,HR-V
2016,Honda,Odyssey
2016,Honda,Pilot
2016,Hyundai,Accent
2016,Hyundai,Azera
2016,Hyundai,Elantra
2016,Hyundai,Equus
2016,Hyundai,Genesis
2016,Hyundai,Genesis Coupe
2016,Hyundai,Santa Fe
2016,Hyundai,Santa Fe Sport
2016,Hyundai,Sonata
2016,Hyundai,Sonata Hybrid
2016,Hyundai,Tucson
2016,Hyundai,Veloster
2016,Infiniti,Q30
2016,Infiniti,Q50
2016,Infiniti,Q70
2016,Infiniti,QX50
2016,Infiniti,QX60
2016,Infiniti,QX70
2016,Infiniti,QX80
2016,Jaguar,F-TYPE
2016,Jaguar,XF
2016,Jaguar,XJ
2016,Jeep,Cherokee
2016,Jeep,Compass
2016,Jeep,Grand Cherokee
2016,Jeep,Patriot
2016,Jeep,Renegade
2016,Jeep,Wrangler
2016,Kia,Cadenza
2016,Kia,Forte
2016,Kia,K900
2016,Kia,Optima
2016,Kia,Optima Hybrid
2016,Kia,Rio
2016,Kia,Sedona
2016,Kia,Sorento
2016,Kia,Soul
2016,Kia,Soul EV
2016,Kia,Sportage
2016,Lamborghini,Aventador
2016,Lamborghini,Huracan
2016,Land Rover,Discovery Sport
2016,Land Rover,LR4
2016,Land Rover,Range Rover
2016,Land Rover,Range Rover Evoque
2016,Land Rover,Range Rover Sport
2016,Lexus,CT 200h
2016,Lexus,ES 300h
2016,Lexus,ES 350
2016,Lexus,GS 200t
2016,Lexus,GS 350
2016,Lexus,GS 450h
2016,Lexus,GS F
2016,Lexus,GX 460
2016,Lexus,IS 200t
2016,Lexus,IS 300
2016,Lexus,IS 350
2016,Lexus,LS 460
2016,Lexus,LS 600h L
2016,Lexus,LX 570
2016,Lexus,NX 200t
2016,Lexus,NX 300h
2016,Lexus,RC 200t
2016,Lexus,RC 300
2016,Lexus,RC 350
2016,Lexus,RC F
2016,Lexus,RX 350
2016,Lexus,RX 450h
2016,Lincoln,MKC
2016,Lincoln,MKS
2016,Lincoln,MKT
2016,Lincoln,MKX
2016,Lincoln,MKZ
2016,Lincoln,MKZ Hybrid
2016,Lincoln,Navigator
2016,Lincoln,Navigator L
2016,Maserati,Ghibli
2016,Maserati,Ghibli S
2016,Maserati,GranTurismo
2016,Maserati,GranTurismo Convertible
2016,Maserati,Quattroporte
2016,Mazda,2
2016,Mazda,3
2016,Mazda,6
2016,Mazda,CX-3
2016,Mazda,CX-5
2016,Mazda,CX-9
2016,Mazda,MX-5 Miata
2016,McLaren,570S
2016,Mercedes-Benz,AMG GT
2016,Mercedes-Benz,B-Class Electric Drive
2016,Mercedes-Benz,C-Class
2016,Mercedes-Benz,C350 Plug-in Hybrid
2016,Mercedes-Benz,C450 AMG 4MATIC
2016,Mercedes-Benz,CLA-Class
2016,Mercedes-Benz,CLS-Class
2016,Mercedes-Benz,E-Class
2016,Mercedes-Benz,G-Class
2016,Mercedes-Benz,GL-Class
2016,Mercedes-Benz,GLA-Class
2016,Mercedes-Benz,GLC-Class
2016,Mercedes-Benz,GLE-Class
2016,Mercedes-Benz,GLE-Class Coupe
2016,Mercedes-Benz,GLE350d
2016,Mercedes-Benz,Metris
2016,Mercedes-Benz,S-Class
2016,Mercedes-Benz,S600
2016,Mercedes-Benz,SL-Class
2016,Mercedes-Benz,SLK-Class
2016,Mercedes-Benz,Sprinter
2016,Mercedes-Benz,Sprinter Worker
2016,MINI,Cooper
2016,MINI,Cooper Clubman
2016,MINI,Cooper Countryman
2016,MINI,Cooper Paceman
2016,Mitsubishi,i-MiEV
2016,Mitsubishi,Lancer
2016,Mitsubishi,Outlander
2016,Mitsubishi,Outlander Sport
2016,Nissan,370Z
2016,Nissan,Altima
2016,Nissan,Frontier
2016,Nissan,GT-R
2016,Nissan,Juke
2016,Nissan,Leaf
2016,Nissan,Maxima
2016,Nissan,Murano
2016,Nissan,NV Cargo
2016,Nissan,NV Passenger
2016,Nissan,NV200
2016,Nissan,Pathfinder
2016,Nissan,Quest
2016,Nissan,Sentra
2016,Nissan,Titan XD
2016,Porsche,911
2016,Porsche,Boxster
2016,Porsche,Cayenne
2016,Porsche,Cayenne S
2016,Porsche,Cayman
2016,Porsche,Macan
2016,Porsche,Panamera
2016,Ram,1500
2016,Ram,2500
2016,Ram,3500
2016,Ram,Promaster Cargo Van
2016,Ram,Promaster City
2016,Ram,Promaster Window Van
2016,Rolls-Royce,Dawn
2016,Rolls-Royce,Ghost Series II
2016,Rolls-Royce,Phantom
2016,Rolls-Royce,Phantom Coupe
2016,Rolls-Royce,Phantom Drophead Coupe
2016,Rolls-Royce,Wraith
2016,Scion,FR-S
2016,Scion,iA
2016,Scion,iM
2016,Scion,tC
2016,smart,fortwo
2016,Subaru,BRZ
2016,Subaru,Crosstrek
2016,Subaru,Forester
2016,Subaru,Impreza
2016,Subaru,Legacy
2016,Subaru,Outback
2016,Subaru,WRX
2016,Tesla,Model S
2016,Tesla,Model X
2016,Toyota,4Runner
2016,Toyota,Avalon
2016,Toyota,Avalon Hybrid
2016,Toyota,Camry
2016,Toyota,Camry Hybrid
2016,Toyota,Corolla
2016,Toyota,Highlander
2016,Toyota,Highlander Hybrid
2016,Toyota,Land
2016,Toyota,Mirai
2016,Toyota,Prius
2016,Toyota,Prius c
2016,Toyota,Prius v
2016,Toyota,RAV4
2016,Toyota,RAV4 Hybrid
2016,Toyota,Sequoia
2016,Toyota,Sienna
2016,Toyota,Tacoma
2016,Toyota,Tundra
2016,Toyota,Yaris
2016,Volkswagen,Beetle
2016,Volkswagen,Beetle Convertible
2016,Volkswagen,CC
2016,Volkswagen,e-Golf
2016,Volkswagen,Eos
2016,Volkswagen,Golf
2016,Volkswagen,Golf GTI
2016,Volkswagen,Golf SportWagen
2016,Volkswagen,Jetta
2016,Volkswagen,Jetta Hybrid
2016,Volkswagen,Passat
2016,Volkswagen,Tiguan
2016,Volkswagen,Touareg
2016,Volvo,S60
2016,Volvo,S80
2016,Volvo,V60
2016,Volvo,V60 Cross Country
2016,Volvo,XC60
2016,Volvo,XC70
2016,Volvo,XC90
2016,Volvo,XC90 T8 Plug-in
2017,Acura,ILX
2017,Acura,MDX
2017,Acura,NSX
2017,Acura,RDX
2017,Acura,RLX
2017,Acura,TLX
2017,Alfa Romeo,4C
2017,Alfa Romeo,Giulia
2017,Aston Martin,DB11
2017,Aston Martin,Rapide S
2017,Aston Martin,V12 Vantage S
2017,Aston Martin,Vanquish
2017,Audi,A3
2017,Audi,A3 Sportback e-tron
2017,Audi,A4
2017,Audi,A5
2017,Audi,A6
2017,Audi,A7
2017,Audi,A8
2017,Audi,allroad
2017,Audi,Q3
2017,Audi,Q5
2017,Audi,Q7
2017,Audi,R8
2017,Audi,RS
2017,Audi,S3
2017,Audi,S5
2017,Audi,S6
2017,Audi,S7
2017,Audi,S8
2017,Audi,SQ5
2017,Audi,TT
2017,Audi,TTS
2017,Bentley,Bentayga
2017,Bentley,Continental GT
2017,Bentley,Continental GT Speed
2017,Bentley,Continental Supersports
2017,Bentley,Flying Spur
2017,Bentley,Mulsanne
2017,BMW,2 Series
2017,BMW,3 Series
2017,BMW,4 Series
2017,BMW,5 Series
2017,BMW,5 Series Gran Turismo
2017,BMW,6 Series
2017,BMW,7 Series
2017,BMW,ALPINA B6 Gran Coupe
2017,BMW,ALPINA B7
2017,BMW,i3
2017,BMW,i8
2017,BMW,M2
2017,BMW,M3
2017,BMW,M4
2017,BMW,M6
2017,BMW,M6 Gran Coupe
2017,BMW,X1
2017,BMW,X3
2017,BMW,X4
2017,BMW,X5
2017,BMW,X6
2017,Buick,Cascada
2017,Buick,Enclave
2017,Buick,Encore
2017,Buick,Envision
2017,Buick,LaCrosse
2017,Buick,Regal
2017,Buick,Verano
2017,Cadillac,ATS
2017,Cadillac,ATS Coupe
2017,Cadillac,ATS-V
2017,Cadillac,ATS-V Coupe
2017,Cadillac,CT6
2017,Cadillac,CTS
2017,Cadillac,CTS-V
2017,Cadillac,Escalade
2017,Cadillac,Escalade ESV
2017,Cadillac,XT5
2017,Cadillac,XTS
2017,Chevrolet,Bolt
2017,Chevrolet,Camaro
2017,Chevrolet,Colorado
2017,Chevrolet,Corvette
2017,Chevrolet,Cruze
2017,Chevrolet,Equinox
2017,Chevrolet,Express
2017,Chevrolet,Express Cargo
2017,Chevrolet,Express LS 3500
2017,Chevrolet,Express LT 3500
2017,Chevrolet,Impala
2017,Chevrolet,Malibu
2017,Chevrolet,Malibu Hybrid
2017,Chevrolet,Silverado 1500
2017,Chevrolet,Silverado 2500HD
2017,Chevrolet,Silverado 3500HD
2017,Chevrolet,Spark
2017,Chevrolet,SS
2017,Chevrolet,Suburban
2017,Chevrolet,Tahoe
2017,Chevrolet,Traverse
2017,Chevrolet,Trax
2017,Chevrolet,Volt
2017,Chrysler,200
2017,Chrysler,300
2017,Chrysler,Pacifica
2017,Dodge,Challenger
2017,Dodge,Charger
2017,Dodge,Durango
2017,Dodge,Grand Caravan
2017,Dodge,Journey
2017,Dodge,Viper
2017,FIAT,124 Spider
2017,FIAT,500
2017,FIAT,500e
2017,FIAT,500L
2017,FIAT,500X
2017,Ford,C-Max Energi
2017,Ford,C-Max Hybrid
2017,Ford,Edge
2017,Ford,Escape
2017,Ford,Expedition
2017,Ford,Expedition EL
2017,Ford,Explorer
2017,Ford,F-150
2017,Ford,F-250 Super Duty
2017,Ford,F-350
2017,Ford,F-350 Super Duty
2017,Ford,F-450 Super Duty
2017,Ford,Fiesta
2017,Ford,Flex
2017,Ford,Focus
2017,Ford,Fusion
2017,Ford,Fusion Energi
2017,Ford,Fusion Hybrid
2017,Ford,GT
2017,Ford,Shelby GT350
2017,Ford,Taurus
2017,Ford,Transit Connect
2017,Ford,Transit Van
2017,Ford,Transit Wagon
2017,Genesis,G80
2017,Genesis,G90
2017,GMC,Canyon
2017,GMC,Savana Cargo
2017,GMC,Sierra 1500
2017,GMC,Sierra 3500HD
2017,GMC,Terrain
2017,GMC,Yukon
2017,Honda,Accord
2017,Honda,Accord Hybrid
2017,Honda,Civic
2017,Honda,Clarity
2017,Honda,CR-V
2017,Honda,Fit
2017,Honda,HR-V
2017,Honda,Odyssey
2017,Honda,Pilot
2017,Honda,Ridgel
2017,Honda,Ridgeline
2017,Hyundai,Accent
2017,Hyundai,Azera
2017,Hyundai,Elantra
2017,Hyundai,Elantra GT
2017,Hyundai,Ioniq
2017,Hyundai,Santa Fe
2017,Hyundai,Santa Fe Sport
2017,Hyundai,Sonata
2017,Hyundai,Sonata Hybrid
2017,Hyundai,Tucson
2017,Hyundai,Veloster
2017,Infiniti,Q50
2017,Infiniti,Q60 Coupe
2017,Infiniti,Q70
2017,Infiniti,QX30
2017,Infiniti,QX50
2017,Infiniti,QX60
2017,Infiniti,QX70
2017,Infiniti,QX80
2017,Jaguar,F-PACE
2017,Jaguar,F-TYPE
2017,Jaguar,XE
2017,Jaguar,XF
2017,Jaguar,XJ
2017,Jeep,Cherokee
2017,Jeep,Compass
2017,Jeep,Grand Cherokee
2017,Jeep,Patriot
2017,Jeep,Renegade
2017,Jeep,Wrangler
2017,Kia,Cadenza
2017,Kia,Forte
2017,Kia,K900
2017,Kia,Niro
2017,Kia,Optima
2017,Kia,Optima Hybrid
2017,Kia,Rio
2017,Kia,Sedona
2017,Kia,Sorento
2017,Kia,Soul
2017,Kia,Soul EV
2017,Kia,Sportage
2017,Lamborghini,Aventador
2017,Lamborghini,Huracan
2017,Land Rover,Discovery
2017,Land Rover,Discovery Sport
2017,Land Rover,Range Rover
2017,Land Rover,Range Rover Evoque
2017,Land Rover,Range Rover Sport
2017,Lexus,CT 200h
2017,Lexus,ES 300h
2017,Lexus,ES 350
2017,Lexus,GS 200t
2017,Lexus,GS 350
2017,Lexus,GS 450h
2017,Lexus,GS F
2017,Lexus,GX 460
2017,Lexus,IS 200t
2017,Lexus,IS 300
2017,Lexus,IS 350
2017,Lexus,LS 460
2017,Lexus,LX 570
2017,Lexus,NX 200t
2017,Lexus,NX 300h
2017,Lexus,RC 200t
2017,Lexus,RC 300
2017,Lexus,RC 350
2017,Lexus,RC F
2017,Lexus,RX 350
2017,Lexus,RX 450h
2017,Lincoln,Continental
2017,Lincoln,MKC
2017,Lincoln,MKT
2017,Lincoln,MKX
2017,Lincoln,MKZ
2017,Lincoln,Navigator
2017,Lincoln,Navigator L
2017,Lotus,Evora
2017,Maserati,Ghibli
2017,Maserati,Ghibli S Q4
2017,Maserati,GranTurismo
2017,Maserati,Levante
2017,Maserati,Quattroporte
2017,Mazda,3
2017,Mazda,6
2017,Mazda,CX-3
2017,Mazda,CX-9
2017,Mazda,MX-5 Miata
2017,McLaren,570GT
2017,McLaren,570S
2017,Mercedes-Benz,B-Class
2017,Mercedes-Benz,C-Class
2017,Mercedes-Benz,CLA-Class
2017,Mercedes-Benz,CLS-Class
2017,Mercedes-Benz,E-Class
2017,Mercedes-Benz,G-Class
2017,Mercedes-Benz,GLA-Class
2017,Mercedes-Benz,GLC-Class
2017,Mercedes-Benz,GLC-Class Coupe
2017,Mercedes-Benz,GLE-Class
2017,Mercedes-Benz,GLE-Class Coupe
2017,Mercedes-Benz,GLS-Class
2017,Mercedes-Benz,Metris
2017,Mercedes-Benz,S-Class
2017,Mercedes-Benz,S550
2017,Mercedes-Benz,S600
2017,Mercedes-Benz,SL-Class
2017,Mercedes-Benz,SLC-Class
2017,MINI,Clubman
2017,MINI,Convertible
2017,MINI,Countryman
2017,MINI,Hardtop
2017,Mitsubishi,i-MiEV
2017,Mitsubishi,Lancer
2017,Mitsubishi,Mirage
2017,Mitsubishi,Mirage G4
2017,Mitsubishi,Outlander
2017,Mitsubishi,Outlander Sport
2017,Nissan,Altima
2017,Nissan,Armada
2017,Nissan,Frontier
2017,Nissan,GT-R
2017,Nissan,Juke
2017,Nissan,Leaf
2017,Nissan,Maxima
2017,Nissan,Murano
2017,Nissan,NV Cargo
2017,Nissan,NV Passenger
2017,Nissan,NV200
2017,Nissan,Pathfinder
2017,Nissan,Rogue
2017,Nissan,Sentra
2017,Nissan,Titan
2017,Nissan,Titan XD
2017,Nissan,Versa
2017,Nissan,Versa Note
2017,Porsche,718
2017,Porsche,911
2017,Porsche,Cayenne
2017,Porsche,Cayenne S
2017,Porsche,Macan
2017,Porsche,Panamera
2017,Ram,1500
2017,Ram,2500
2017,Ram,3500
2017,Ram,Promaster Cargo Van
2017,Ram,Promaster City
2017,Ram,Promaster Window Van
2017,Rolls-Royce,Dawn
2017,Rolls-Royce,Ghost Series II
2017,Rolls-Royce,Phantom
2017,Rolls-Royce,Wraith
2017,smart,fortwo
2017,Subaru,BRZ
2017,Subaru,Crosstrek
2017,Subaru,Forester
2017,Subaru,Impreza
2017,Subaru,Legacy
2017,Subaru,Outback
2017,Subaru,WRX
2017,Tesla,Model S
2017,Tesla,Model X
2017,Toyota,4Runner
2017,Toyota,86
2017,Toyota,Avalon
2017,Toyota,Avalon Hybrid
2017,Toyota,Camry
2017,Toyota,Camry Hybrid
2017,Toyota,Corolla
2017,Toyota,Corolla iM
2017,Toyota,Highlander
2017,Toyota,Highlander Hybrid
2017,Toyota,Land Cruiser
2017,Toyota,Mirai
2017,Toyota,Prius
2017,Toyota,Prius c
2017,Toyota,Prius Prime
2017,Toyota,RAV4
2017,Toyota,RAV4 Hybrid
2017,Toyota,Sequoia
2017,Toyota,Sienna
2017,Toyota,Tacoma
2017,Toyota,Tundra
2017,Toyota,Yaris
2017,Toyota,Yaris iA
2017,Volkswagen,Beetle
2017,Volkswagen,Beetle Convertible
2017,Volkswagen,CC
2017,Volkswagen,Golf
2017,Volkswagen,Golf GTI
2017,Volkswagen,Golf R
2017,Volkswagen,Golf SportWagen
2017,Volkswagen,Jetta
2017,Volkswagen,Passat
2017,Volkswagen,Tiguan
2017,Volkswagen,Touareg
2017,Volvo,S60
2017,Volvo,S60 Cross Country
2017,Volvo,S90
2017,Volvo,V60
2017,Volvo,V60 Cross Country
2017,Volvo,V90 Cross Country
2017,Volvo,XC60
2017,Volvo,XC90
